Розділ,Деталізація,Тип робіт,Статус,Учасники від замовника,Учасники від виконавця,Днів на виконання (робочих),Дата початку план,Дата закінчення план,Дата початку факт,Дата закінчення факт,Облік часу (план),Облік часу (факт),Коментарі
Серверні роботи,"Розгорнути тестове середовище Odoo. Встановити потрібні базові модулі (СRM, Склад, Інвойси, Співробітники, Контакти, Відвідуваність, Продажі, Закупки, Виробництво, Веб-сайт)",Налаштування,Виконано,,,,,,,,1.5,,Тестове середовище розгорнуто
Серверні роботи,Розгорнути stage Odoo. Робота по підтримці та адмініструванні середовища,Налаштування,В роботі,,,,,,,,1.5,,Stage середовище в процесі налаштування
Серверні роботи,Розгортання Production Odoo. Робота по підтримці та адмініструванні середовища,Налаштування,,,,,,,,,1.6,,Not assigned to any sprint - BACKLOG
Серверні роботи,Розгортання Production Odoo. Робота по підтримці та адмініструванні середовища,Навчання,,,,,,,,,0.4,,Not assigned to any sprint - BACKLOG
Організаційна структура та Користувачі,"Налаштувати (підтвердити авторизацію) для Суперадміністратора, Внутрішнього Адміністратора, Керівництва, Адміністраторів Рецепції, Бухгалтерів, Маркетологів, Товарознавців, Спеціалістів (Лікар, масажист) відповідно до документу Матриця ролей.",Налаштування,,,,,,,,,6.4,,Not assigned to any sprint - BACKLOG
Організаційна структура та Користувачі,"Налаштувати (підтвердити авторизацію) для Суперадміністратора, Внутрішнього Адміністратора, Керівництва, Адміністраторів Рецепції, Бухгалтерів, Маркетологів, Товарознавців, Спеціалістів (Лікар, масажист) відповідно до документу Матриця ролей.",Навчання,,,,,,,,,1.6,,Not assigned to any sprint - BACKLOG
Управління персоналом та HR,"Обмежити систему для співробітників для перегляду розкладу, відвідуваності та відпусток.",Налаштування,,,,,,,,,8.8,,Not assigned to any sprint - BACKLOG
Управління персоналом та HR,"Обмежити систему для співробітників для перегляду розкладу, відвідуваності та відпусток.",Навчання,,,,,,,,,2.2,,Not assigned to any sprint - BACKLOG
Профіль співробітника,Перевірка унікальності логіну користувача при створенні доступу до системи.,Налаштування,Виконано,,,,,,,,0.0,,Базова функція системи
Організаційна структура та Користувачі,Створити демонстраційні підрозділи в системі,Налаштування,Виконано,,,,,,,,2.0,,Тестові підрозділи створено
Профіль співробітника,"Створення, пошук, перегляд та редагування основних даних профілю (ПІБ, посада, відділ, контакти).",Налаштування,Виконано,,,,,,,,0.5,,Базова функція системи
Ключі доступу,Простий варіант: Прив'язка/відв'язка одного ключа доступу до співробітника.,Налаштування,,,,,,,,,1.6,,Not assigned to any sprint - BACKLOG
Ключі доступу,Простий варіант: Прив'язка/відв'язка одного ключа доступу до співробітника.,Навчання,,,,,,,,,0.4,,Not assigned to any sprint - BACKLOG
Робоче місце,Прив'язка співробітника до кабінету (приміщення) для організації робочого простору.,Backlog,Скасовано,,,,,,,,3.0,,Неактуально для проєкту
Табелювання,Зберігання записів про час приходу/уходу (check-in/check-out) та розрахунок відпрацьованих годин.,Налаштування,В роботі,,,,,,,,0.5,,Заплановано на 4 спринт
Табелювання,"Ручне створення, редагування та видалення записів відвідуваності в табелі співробітника.",Налаштування,В роботі,,,,,,,,0.5,,Заплановано на 4 спринт
Графіки роботи,"Створення та управління плановими робочими графіками співробітників (зміни, вихідні, відпустки).",Backlog,Скасовано,,,,,,,,64.0,,Неактуально для проєкту
Доступні послуги,"Призначення послуг, які може виконувати співробітник, на основі його посади з можливістю ручного коригування.",Розробка,Виконано,,,,,,,,46.0,,"Реалізовано, немає документації"
Договори,"Зберігання та управління інформацією про трудові договори співробітників (номер, дати, скан-копії).",Налаштування,Виконано,,,,,,,,0.5,,Базова функція системи
Кваліфікація,"Відстеження кваліфікації, сертифікатів та навичок співробітників.",Налаштування,Виконано,,,,,,,,1.0,,Базова функція системи
Облік по юр. особах,Прив'язка співробітників до юридичної особи для цілей обліку та звітності.,Налаштування,,,,,,,,,0.4,,Not assigned to any sprint - BACKLOG
Облік по юр. особах,Прив'язка співробітників до юридичної особи для цілей обліку та звітності.,Навчання,,,,,,,,,0.1,,Not assigned to any sprint - BACKLOG
Управління Клієнтами (CRM),"Розробити функціонал ""Сімейних карт"", що дозволить кільком членам родини користуватися спільним бонусним/депозитним рахунком.",Розробка,Виконано,,,,,,,,24.0,,"Реалізовано, потрібна документація"
Управління Клієнтами (CRM),"Швидке створення карток лояльності, сертифікатів, депозитних карток з картки клієнта(res.partner)",Моделювання,Виконано,,,,11.08.2025,12.08.2025,,,0.2,,Planned in Sprint 0
Управління Клієнтами (CRM),"Швидке створення карток лояльності, сертифікатів, депозитних карток з картки клієнта(res.partner)",Розробка,Виконано,,,,11.08.2025,13.08.2025,,,1.5,,Planned in Sprint 0
Управління Клієнтами (CRM),"Швидке створення карток лояльності, сертифікатів, депозитних карток з картки клієнта(res.partner)",Налаштування,Виконано,,,,13.08.2025,14.08.2025,,,0.5,,Planned in Sprint 0
Управління Клієнтами (CRM),"Швидке створення карток лояльності, сертифікатів, депозитних карток з картки клієнта(res.partner)",Навчання,Виконано,,,,14.08.2025,15.08.2025,,,0.2,,Planned in Sprint 0
Профіль клієнта,"Створення, пошук, перегляд та редагування базових даних клієнта (ПІБ, телефон, email, адреса).",Backlog,,,,,,,,,0.0,,Not assigned to any sprint - BACKLOG
Профіль клієнта,Перевірка унікальності номера телефону при створенні/редагуванні клієнта.,Налаштування,,,,,,,,,2.4,,Not assigned to any sprint - BACKLOG
Профіль клієнта,Перевірка унікальності номера телефону при створенні/редагуванні клієнта.,Навчання,,,,,,,,,0.6,,Not assigned to any sprint - BACKLOG
Профіль клієнта,Створення карток лояльності з картки клієнта(res.partner),Моделювання,Виконано,,,,11.08.2025,12.08.2025,,,1.3,,Planned in Sprint 0
Профіль клієнта,Створення карток лояльності з картки клієнта(res.partner),Розробка,Виконано,,,,11.08.2025,13.08.2025,,,7.8,,Planned in Sprint 0
Профіль клієнта,Створення карток лояльності з картки клієнта(res.partner),Налаштування,Виконано,,,,13.08.2025,14.08.2025,,,2.6,,Planned in Sprint 0
Профіль клієнта,Створення карток лояльності з картки клієнта(res.partner),Навчання,Виконано,,,,14.08.2025,15.08.2025,,,1.3,,Planned in Sprint 0
Профіль клієнта,Перевірка коректності формату email.,Backlog,,,,,,,,,0.0,,Not assigned to any sprint - BACKLOG
Профіль клієнта,Відображення фінансового балансу клієнта в його профілі.,Налаштування,,,,,,,,,2.0,,Not assigned to any sprint - BACKLOG
Профіль клієнта,Відображення фінансового балансу клієнта в його профілі.,Навчання,,,,,,,,,0.5,,Not assigned to any sprint - BACKLOG
Профіль клієнта,Зберігання та відображення дати народження клієнта,Моделювання,Виконано,,,,18.08.2025,19.08.2025,,,0.1,,Planned in Sprint 1
Профіль клієнта,Зберігання та відображення дати народження клієнта,Розробка,Виконано,,,,18.08.2025,20.08.2025,,,0.8,,Planned in Sprint 1
Профіль клієнта,Зберігання та відображення дати народження клієнта,Налаштування,Виконано,,,,20.08.2025,21.08.2025,,,0.3,,Planned in Sprint 1
Профіль клієнта,Зберігання та відображення дати народження клієнта,Навчання,Виконано,,,,21.08.2025,22.08.2025,,,0.1,,Planned in Sprint 1
Профіль клієнта,Зберігання та відображення дати народження клієнта,Моделювання,Виконано,,,,18.08.2025,19.08.2025,,,0.1,,Planned in Sprint 1
Профіль клієнта,Зберігання та відображення дати народження клієнта,Розробка,Виконано,,,,18.08.2025,20.08.2025,,,0.8,,Planned in Sprint 1
Профіль клієнта,Зберігання та відображення дати народження клієнта,Налаштування,Виконано,,,,20.08.2025,21.08.2025,,,0.3,,Planned in Sprint 1
Профіль клієнта,Зберігання та відображення дати народження клієнта,Навчання,Виконано,,,,21.08.2025,22.08.2025,,,0.1,,Planned in Sprint 1
Пошук клієнта,"Швидкий пошук клієнта за ПІБ, номером телефону та номером картки.",Налаштування,,,,,,,,,2.8,,Not assigned to any sprint - BACKLOG
Пошук клієнта,"Швидкий пошук клієнта за ПІБ, номером телефону та номером картки.",Навчання,,,,,,,,,0.7,,Not assigned to any sprint - BACKLOG
Управління ідентифікаторами (Lifecycle),"Повний життєвий цикл ідентифікаторів: видача, прив'язка, активація, блокування та заміна.",Налаштування,,,,,,,,,6.4,,Not assigned to any sprint - BACKLOG
Управління ідентифікаторами (Lifecycle),"Повний життєвий цикл ідентифікаторів: видача, прив'язка, активація, блокування та заміна.",Навчання,,,,,,,,,1.6,,Not assigned to any sprint - BACKLOG
Управління ідентифікаторами (Lifecycle),"Повний життєвий цикл ідентифікаторів: видача, прив'язка, активація, блокування та заміна.",Налаштування,,,,,,,,,4.4,,Not assigned to any sprint - BACKLOG
Управління ідентифікаторами (Lifecycle),"Повний життєвий цикл ідентифікаторів: видача, прив'язка, активація, блокування та заміна.",Навчання,,,,,,,,,1.1,,Not assigned to any sprint - BACKLOG
Історія клієнта,Перегляд історії покупок клієнта (товари/послуги),Backlog,,,,,,,,,0.0,,Not assigned to any sprint - BACKLOG
Історія клієнта,"Перегляд історії операцій з бонусами (нарахування, списання).",Налаштування,,,,,,,,,4.8,,Not assigned to any sprint - BACKLOG
Історія клієнта,"Перегляд історії операцій з бонусами (нарахування, списання).",Навчання,,,,,,,,,1.2,,Not assigned to any sprint - BACKLOG
Історія клієнта,"Перегляд історії візитів, які не обов'язково є покупками (напр. консультація, вхід у зал).",Налаштування,,,,,,,,,9.6,,Not assigned to any sprint - BACKLOG
Історія клієнта,"Перегляд історії візитів, які не обов'язково є покупками (напр. консультація, вхід у зал).",Навчання,,,,,,,,,2.4,,Not assigned to any sprint - BACKLOG
Історія клієнта,"Відображення єдиного хронологічного списку всіх операцій (покупки, візити, платежі, бонуси) в одній вкладці.",Налаштування,,,,,,,,,21.6,,Not assigned to any sprint - BACKLOG
Історія клієнта,"Відображення єдиного хронологічного списку всіх операцій (покупки, візити, платежі, бонуси) в одній вкладці.",Навчання,,,,,,,,,5.4,,Not assigned to any sprint - BACKLOG
Депозитна система,Поповнення депозиту з розрізненням фіскального/нефіскального типу та друком чека.,Налаштування,,,,,,,,,15.2,,Not assigned to any sprint - BACKLOG
Депозитна система,Поповнення депозиту з розрізненням фіскального/нефіскального типу та друком чека.,Навчання,,,,,,,,,3.8,,Not assigned to any sprint - BACKLOG
Депозитна система,Обробка ситуації недостатнього балансу на депозиті.,Backlog,,,,,,,,,0.0,,Not assigned to any sprint - BACKLOG
Депозитна система,Зберігання та відображення балансу депозиту клієнта.,Моделювання,Виконано,,,,18.08.2025,19.08.2025,,,0.2,,Planned in Sprint 1
Депозитна система,Зберігання та відображення балансу депозиту клієнта.,Розробка,Виконано,,,,18.08.2025,20.08.2025,,,0.9,,Planned in Sprint 1
Депозитна система,Зберігання та відображення балансу депозиту клієнта.,Налаштування,Виконано,,,,20.08.2025,21.08.2025,,,0.3,,Planned in Sprint 1
Депозитна система,Зберігання та відображення балансу депозиту клієнта.,Навчання,Виконано,,,,21.08.2025,22.08.2025,,,0.2,,Planned in Sprint 1
Програма лояльності (Бонуси),Автоматичне нарахування бонусів після успішної оплати замовлення (в Sale або Point of Sale).,Налаштування,,,,,,,,,10.4,,Not assigned to any sprint - BACKLOG
Програма лояльності (Бонуси),Автоматичне нарахування бонусів після успішної оплати замовлення (в Sale або Point of Sale).,Навчання,,,,,,,,,2.6,,Not assigned to any sprint - BACKLOG
Програма лояльності (Бонуси),"Можливість позначати товари-винятки, на які бонуси не нараховуються.",Налаштування,,,,,,,,,3.2,,Not assigned to any sprint - BACKLOG
Програма лояльності (Бонуси),"Можливість позначати товари-винятки, на які бонуси не нараховуються.",Навчання,,,,,,,,,0.8,,Not assigned to any sprint - BACKLOG
Програма лояльності (Бонуси),"Створення та налаштування правил нарахування бонусів (напр. % від суми, фіксована кількість за покупку, рівні лояльності).",Налаштування,,,,,,,,,49.6,,Not assigned to any sprint - BACKLOG
Програма лояльності (Бонуси),"Створення та налаштування правил нарахування бонусів (напр. % від суми, фіксована кількість за покупку, рівні лояльності).",Навчання,,,,,,,,,12.4,,Not assigned to any sprint - BACKLOG
Програма лояльності (Бонуси),Перевірка балансу та обмежень при спробі списати бонуси.,Налаштування,,,,,,,,,43.2,,Not assigned to any sprint - BACKLOG
Програма лояльності (Бонуси),Перевірка балансу та обмежень при спробі списати бонуси.,Навчання,,,,,,,,,10.8,,Not assigned to any sprint - BACKLOG
Програма лояльності (Бонуси),"Обробка альтернативних потоків (недостатньо бонусів, порушення обмежень).",Налаштування,,,,,,,,,18.4,,Not assigned to any sprint - BACKLOG
Програма лояльності (Бонуси),"Обробка альтернативних потоків (недостатньо бонусів, порушення обмежень).",Навчання,,,,,,,,,4.6,,Not assigned to any sprint - BACKLOG
Програма лояльності (Бонуси),Можливість використовувати бонуси та депозит як метод оплати в Point of Sale.,Налаштування,,,,,,,,,23.2,,Not assigned to any sprint - BACKLOG
Програма лояльності (Бонуси),Можливість використовувати бонуси та депозит як метод оплати в Point of Sale.,Навчання,,,,,,,,,5.8,,Not assigned to any sprint - BACKLOG
Програма лояльності (Бонуси),Автоматичний перехід клієнта на вищий рівень при досягненні порогу покупок.,Налаштування,,,,,,,,,14.4,,Not assigned to any sprint - BACKLOG
Програма лояльності (Бонуси),Автоматичний перехід клієнта на вищий рівень при досягненні порогу покупок.,Навчання,,,,,,,,,3.6,,Not assigned to any sprint - BACKLOG
Програма лояльності (Бонуси),Автоматичне списання прострочених бонусів з рахунку клієнта,Моделювання,Виконано,,,,15.09.2025,17.09.2025,,,1.3,,Planned in Sprint 3
Програма лояльності (Бонуси),Автоматичне списання прострочених бонусів з рахунку клієнта,Розробка,Виконано,,,,17.09.2025,30.09.2025,,,7.8,,Planned in Sprint 3
Програма лояльності (Бонуси),Автоматичне списання прострочених бонусів з рахунку клієнта,Налаштування,Виконано,,,,01.10.2025,05.10.2025,,,2.6,,Planned in Sprint 3
Програма лояльності (Бонуси),Автоматичне списання прострочених бонусів з рахунку клієнта,Навчання,Виконано,,,,05.10.2025,07.10.2025,,,1.3,,Planned in Sprint 3
Програма лояльності (Бонуси),Інтерфейс для налаштування всіх правил бонусної системи.,Налаштування,,,,,,,,,11.2,,Not assigned to any sprint - BACKLOG
Програма лояльності (Бонуси),Інтерфейс для налаштування всіх правил бонусної системи.,Навчання,,,,,,,,,2.8,,Not assigned to any sprint - BACKLOG
Ціноутворення та Знижки,"Створення багаторівневої системи нарахування бонусів з порогами витрачених сум (напр. 5000 грн = 5%, 10000 грн = 7%).",Налаштування,,,,,,,,,8.0,,Not assigned to any sprint - BACKLOG
Ціноутворення та Знижки,"Створення багаторівневої системи нарахування бонусів з порогами витрачених сум (напр. 5000 грн = 5%, 10000 грн = 7%).",Навчання,,,,,,,,,2.0,,Not assigned to any sprint - BACKLOG
Ціноутворення та Знижки,"Налаштування правил знижок для товарів/категорій та управління пріоритетами (конфлікти, винятки).",Налаштування,,,,,,,,,3.2,,Not assigned to any sprint - BACKLOG
Ціноутворення та Знижки,"Налаштування правил знижок для товарів/категорій та управління пріоритетами (конфлікти, винятки).",Навчання,,,,,,,,,0.8,,Not assigned to any sprint - BACKLOG
Ціноутворення та Знижки,Автоматичне застосування спеціальних корпоративних знижок для співробітників.,Налаштування,,,,,,,,,2.4,,Not assigned to any sprint - BACKLOG
Ціноутворення та Знижки,Автоматичне застосування спеціальних корпоративних знижок для співробітників.,Навчання,,,,,,,,,0.6,,Not assigned to any sprint - BACKLOG
Ціноутворення та Знижки,Застосування знижок на основі активного прайс-листа та суми покупки (кількості товару).,Налаштування,,,,,,,,,1.6,,Not assigned to any sprint - BACKLOG
Ціноутворення та Знижки,Застосування знижок на основі активного прайс-листа та суми покупки (кількості товару).,Навчання,,,,,,,,,0.4,,Not assigned to any sprint - BACKLOG
Ціноутворення та Знижки,Застосування знижок на основі часу доби та дня тижня. Застосування знижок відповідно до категорій клієнтів,Налаштування,,,,,,,,,9.6,,Not assigned to any sprint - BACKLOG
Ціноутворення та Знижки,Застосування знижок на основі часу доби та дня тижня. Застосування знижок відповідно до категорій клієнтів,Навчання,,,,,,,,,2.4,,Not assigned to any sprint - BACKLOG
Подарункові сертифікати,"Повний життєвий цикл подарункових сертифікатів: продаж, генерація коду, перевірка балансу, повне/часткове погашення.",Налаштування,,,,,,,,,59.2,,Not assigned to any sprint - BACKLOG
Подарункові сертифікати,"Повний життєвий цикл подарункових сертифікатів: продаж, генерація коду, перевірка балансу, повне/часткове погашення.",Навчання,,,,,,,,,14.8,,Not assigned to any sprint - BACKLOG
Подарункові сертифікати,Реалізувати можливість переводу грошей між сертифікатами та депозитним рахунком клієнта,Моделювання,,,,,,,,,3.3,,Not assigned to any sprint - BACKLOG
Подарункові сертифікати,Реалізувати можливість переводу грошей між сертифікатами та депозитним рахунком клієнта,Розробка,,,,,,,,,19.8,,Not assigned to any sprint - BACKLOG
Подарункові сертифікати,Реалізувати можливість переводу грошей між сертифікатами та депозитним рахунком клієнта,Налаштування,,,,,,,,,6.6,,Not assigned to any sprint - BACKLOG
Подарункові сертифікати,Реалізувати можливість переводу грошей між сертифікатами та депозитним рахунком клієнта,Навчання,,,,,,,,,3.3,,Not assigned to any sprint - BACKLOG
Функціонал кабінету,Перегляд профілю та історії покупок/рахунків.,Налаштування,,,,,,,,,0.4,,Not assigned to any sprint - BACKLOG
Функціонал кабінету,Перегляд профілю та історії покупок/рахунків.,Навчання,,,,,,,,,0.1,,Not assigned to any sprint - BACKLOG
Доступ та Профіль,Реєстрація та авторизація клієнта через email/пароль. Відновлення пароля.,Налаштування,,,,,,,,,0.8,,Not assigned to any sprint - BACKLOG
Доступ та Профіль,Реєстрація та авторизація клієнта через email/пароль. Відновлення пароля.,Навчання,,,,,,,,,0.2,,Not assigned to any sprint - BACKLOG
Доступ та Профіль,Авторизація/реєстрація за номером телефону з підтвердженням по SMS.,Моделювання,Виконано,,,,05.12.2025,07.12.2025,,,2.7,,Planned in Sprint 4
Доступ та Профіль,Авторизація/реєстрація за номером телефону з підтвердженням по SMS.,Розробка,В роботі,,,,07.12.2025,22.12.2025,,,16.2,,Planned in Sprint 4
Доступ та Профіль,Авторизація/реєстрація за номером телефону з підтвердженням по SMS.,Налаштування,Заплановано,,,,23.12.2025,28.12.2025,,,5.4,,Planned in Sprint 4
Доступ та Профіль,Авторизація/реєстрація за номером телефону з підтвердженням по SMS.,Навчання,Заплановано,,,,28.12.2025,30.12.2025,,,2.7,,Planned in Sprint 4
Функціонал кабінету,"Перегляд балансів (депозит, бонуси) та історії кастомних операцій (візити, нарахування).",Налаштування,,,,,,,,,25.6,,Not assigned to any sprint - BACKLOG
Функціонал кабінету,"Перегляд балансів (депозит, бонуси) та історії кастомних операцій (візити, нарахування).",Навчання,,,,,,,,,6.4,,Not assigned to any sprint - BACKLOG
Функціонал кабінету,Перегляд та завантаження фіскальних чеків.,Налаштування,,,,,,,,,14.4,,Not assigned to any sprint - BACKLOG
Функціонал кабінету,Перегляд та завантаження фіскальних чеків.,Навчання,,,,,,,,,3.6,,Not assigned to any sprint - BACKLOG
Тарифікація та Білінг,Розробка механізму похвилинної тарифікації для часових зон зі складними правилами. Продаж послуг з похвилинною/погодинною тарифікацією,Моделювання,,,,,,,,,4.6,,Not assigned to any sprint - BACKLOG
Тарифікація та Білінг,Розробка механізму похвилинної тарифікації для часових зон зі складними правилами. Продаж послуг з похвилинною/погодинною тарифікацією,Розробка,,,,,,,,,27.6,,Not assigned to any sprint - BACKLOG
Тарифікація та Білінг,Розробка механізму похвилинної тарифікації для часових зон зі складними правилами. Продаж послуг з похвилинною/погодинною тарифікацією,Налаштування,,,,,,,,,9.2,,Not assigned to any sprint - BACKLOG
Тарифікація та Білінг,Розробка механізму похвилинної тарифікації для часових зон зі складними правилами. Продаж послуг з похвилинною/погодинною тарифікацією,Навчання,,,,,,,,,4.6,,Not assigned to any sprint - BACKLOG
Облік по юр. особах,Автоматична прив'язка транзакцій продажу до відповідної юридичної особи.,Налаштування,,,,,,,,,16.0,,Not assigned to any sprint - BACKLOG
Облік по юр. особах,Автоматична прив'язка транзакцій продажу до відповідної юридичної особи.,Навчання,,,,,,,,,4.0,,Not assigned to any sprint - BACKLOG
Продажі та Point of Sale (POS),"Налаштувати модуль ""Ресторан"" (pos_restaurant) для кафе/бару (карта столів, відправка замовлень на кухню).",Налаштування,,,,,,,,,2.4,,Not assigned to any sprint - BACKLOG
Продажі та Point of Sale (POS),"Налаштувати модуль ""Ресторан"" (pos_restaurant) для кафе/бару (карта столів, відправка замовлень на кухню).",Навчання,,,,,,,,,0.6,,Not assigned to any sprint - BACKLOG
Операції в POS,"Створення замовлень/рахунків для клієнтів, додавання/редагування позицій (товарів, послуг) та розрахунок суми.",Налаштування,,,,,,,,,0.4,,Not assigned to any sprint - BACKLOG
Операції в POS,"Створення замовлень/рахунків для клієнтів, додавання/редагування позицій (товарів, послуг) та розрахунок суми.",Навчання,,,,,,,,,0.1,,Not assigned to any sprint - BACKLOG
Продаж послуг та товарів,"Обробка продажів фізичних товарів (бутіки, кафе).",Налаштування,,,,,,,,,0.4,,Not assigned to any sprint - BACKLOG
Продаж послуг та товарів,"Обробка продажів фізичних товарів (бутіки, кафе).",Навчання,,,,,,,,,0.1,,Not assigned to any sprint - BACKLOG
Абонементи,"Повний життєвий цикл абонементів: продаж, активація, відстеження терміну/використання, перевірка статусу.",Налаштування,,,,,,,,,19.2,,Not assigned to any sprint - BACKLOG
Абонементи,"Повний життєвий цикл абонементів: продаж, активація, відстеження терміну/використання, перевірка статусу.",Навчання,,,,,,,,,4.8,,Not assigned to any sprint - BACKLOG
Відкритий рахунок (таб),"Підтримка продажів ""на рахунок"" з використанням ідентифікаторів (браслетів) та їх фінальна оплата при виході.",Налаштування,,,,,,,,,21.6,,Not assigned to any sprint - BACKLOG
Відкритий рахунок (таб),"Підтримка продажів ""на рахунок"" з використанням ідентифікаторів (браслетів) та їх фінальна оплата при виході.",Навчання,,,,,,,,,5.4,,Not assigned to any sprint - BACKLOG
Абонементи,Налаштування програми лояльності з абонементами для Клініки,Налаштування,,,,,,,,,2.4,,Not assigned to any sprint - BACKLOG
Абонементи,Налаштування програми лояльності з абонементами для Клініки,Навчання,,,,,,,,,0.6,,Not assigned to any sprint - BACKLOG
Друк на кухню/бар,Друк замовлень на кухонні/барні принтери на основі категорій товарів.,Налаштування,,,,,,,,,1.6,,Not assigned to any sprint - BACKLOG
Друк на кухню/бар,Друк замовлень на кухонні/барні принтери на основі категорій товарів.,Навчання,,,,,,,,,0.4,,Not assigned to any sprint - BACKLOG
Оплати в POS,Можливість розділяти оплату одного чеку на кілька методів (комбінована оплата).,Backlog,,,,,,,,,0.0,,Not assigned to any sprint - BACKLOG
Оплати в POS,"Прийом стандартних видів оплат (готівка, банківська картка без інтеграції) та розрахунок решти.",Налаштування,,,,,,,,,1.2,,Not assigned to any sprint - BACKLOG
Оплати в POS,"Прийом стандартних видів оплат (готівка, банківська картка без інтеграції) та розрахунок решти.",Навчання,,,,,,,,,0.3,,Not assigned to any sprint - BACKLOG
Фіналізація замовлення,Фіналізація POS-замовлення з автоматичним списанням запасів (товарів та інгредієнтів за рецептурами).,Налаштування,,,,,,,,,4.0,,Not assigned to any sprint - BACKLOG
Фіналізація замовлення,Фіналізація POS-замовлення з автоматичним списанням запасів (товарів та інгредієнтів за рецептурами).,Навчання,,,,,,,,,1.0,,Not assigned to any sprint - BACKLOG
Продаж послуг та товарів,Продаж послуг з фіксованою ціною та послуг з похвилинною/погодинною тарифікацією.,Налаштування,,,,,,,,,16.0,,Not assigned to any sprint - BACKLOG
Продаж послуг та товарів,Продаж послуг з фіксованою ціною та послуг з похвилинною/погодинною тарифікацією.,Навчання,,,,,,,,,4.0,,Not assigned to any sprint - BACKLOG
Структура складу,"Створення та управління ієрархічною структурою фізичних локацій зберігання запасів (головний склад, бар, масажні кабінети тощо).",Налаштування,,,,,,,,,1.6,,Not assigned to any sprint - BACKLOG
Структура складу,"Створення та управління ієрархічною структурою фізичних локацій зберігання запасів (головний склад, бар, масажні кабінети тощо).",Навчання,,,,,,,,,0.4,,Not assigned to any sprint - BACKLOG
Виробництво (Рецептури),"Управління специфічними сценаріями виробництва та обробки (розкомплектація, побічні продукти).",Налаштування,,,,,,,,,1.6,,Not assigned to any sprint - BACKLOG
Виробництво (Рецептури),"Управління специфічними сценаріями виробництва та обробки (розкомплектація, побічні продукти).",Навчання,,,,,,,,,0.4,,Not assigned to any sprint - BACKLOG
Облік партій та термінів,Зберігання та відстеження термінів придатності для партій товарів.,Налаштування,,,,,,,,,0.8,,Not assigned to any sprint - BACKLOG
Облік партій та термінів,Зберігання та відстеження термінів придатності для партій товарів.,Навчання,,,,,,,,,0.2,,Not assigned to any sprint - BACKLOG
Облік партій та термінів,"Формування звітів та отримання автоматичних сповіщень про товари, термін придатності яких закінчується.",Налаштування,,,,,,,,,3.2,,Not assigned to any sprint - BACKLOG
Облік партій та термінів,"Формування звітів та отримання автоматичних сповіщень про товари, термін придатності яких закінчується.",Навчання,,,,,,,,,0.8,,Not assigned to any sprint - BACKLOG
Автоматизація закупівель,Автоматична генерація пропозицій на закупівлю на основі мінімальних залишків.,Налаштування,,,,,,,,,1.6,,Not assigned to any sprint - BACKLOG
Автоматизація закупівель,Автоматична генерація пропозицій на закупівлю на основі мінімальних залишків.,Навчання,,,,,,,,,0.4,,Not assigned to any sprint - BACKLOG
Резервування,Управління резервуванням запасів для клієнтських замовлень.,Налаштування,,,,,,,,,0.4,,Not assigned to any sprint - BACKLOG
Резервування,Управління резервуванням запасів для клієнтських замовлень.,Навчання,,,,,,,,,0.1,,Not assigned to any sprint - BACKLOG
Сканування штрих-кодів,"Використання сканування штрих-кодів для прискорення та точності операцій (надходження, інвентаризація, продаж).",Налаштування,,,,,,,,,0.8,,Not assigned to any sprint - BACKLOG
Сканування штрих-кодів,"Використання сканування штрих-кодів для прискорення та точності операцій (надходження, інвентаризація, продаж).",Навчання,,,,,,,,,0.2,,Not assigned to any sprint - BACKLOG
Облік за серійними номерами,Відстеження історії руху товарів за унікальними серійними номерами.,Налаштування,,,,,,,,,1.2,,Not assigned to any sprint - BACKLOG
Облік за серійними номерами,Відстеження історії руху товарів за унікальними серійними номерами.,Навчання,,,,,,,,,0.3,,Not assigned to any sprint - BACKLOG
Складські операції,"Документальне оформлення надходження товарів від постачальників, з оновленням залишків та собівартості.",Налаштування,,,,,,,,,1.6,,Not assigned to any sprint - BACKLOG
Складські операції,"Документальне оформлення надходження товарів від постачальників, з оновленням залишків та собівартості.",Навчання,,,,,,,,,0.4,,Not assigned to any sprint - BACKLOG
Складські операції,Оформлення списання товарів через псування або пошкодження.,Налаштування,,,,,,,,,0.4,,Not assigned to any sprint - BACKLOG
Складські операції,Оформлення списання товарів через псування або пошкодження.,Навчання,,,,,,,,,0.1,,Not assigned to any sprint - BACKLOG
Складські операції,"Документальне оформлення видачі товарів для внутрішніх потреб компанії (напр., канцтовари для офісу, продукти для кухні персоналу).",Налаштування,,,,,,,,,0.8,,Not assigned to any sprint - BACKLOG
Складські операції,"Документальне оформлення видачі товарів для внутрішніх потреб компанії (напр., канцтовари для офісу, продукти для кухні персоналу).",Навчання,,,,,,,,,0.2,,Not assigned to any sprint - BACKLOG
Складські операції,"Оформлення недостач (або надлишків), виявлених за результатами інвентаризації.",Backlog,,,,,,,,,0.0,,Not assigned to any sprint - BACKLOG
Складські операції,Документальне оформлення переміщення товарів між внутрішніми складами/локаціями.,Налаштування,,,,,,,,,0.4,,Not assigned to any sprint - BACKLOG
Складські операції,Документальне оформлення переміщення товарів між внутрішніми складами/локаціями.,Навчання,,,,,,,,,0.1,,Not assigned to any sprint - BACKLOG
Інвентаризація,"Проведення інвентаризації, порівняння фактичних залишків із системними та документування розбіжностей.",Налаштування,,,,,,,,,0.8,,Not assigned to any sprint - BACKLOG
Інвентаризація,"Проведення інвентаризації, порівняння фактичних залишків із системними та документування розбіжностей.",Навчання,,,,,,,,,0.2,,Not assigned to any sprint - BACKLOG
Управління каталогом,"Управління специфічними атрибутами товару (ознака фіскальності, акцизного товару).",Моделювання,Виконано,,,,05.12.2025,07.12.2025,,,0.2,,Planned in Sprint 4
Управління каталогом,"Управління специфічними атрибутами товару (ознака фіскальності, акцизного товару).",Розробка,В роботі,,,,07.12.2025,22.12.2025,,,0.9,,Planned in Sprint 4
Управління каталогом,"Управління специфічними атрибутами товару (ознака фіскальності, акцизного товару).",Налаштування,Заплановано,,,,23.12.2025,28.12.2025,,,0.3,,Planned in Sprint 4
Управління каталогом,"Управління специфічними атрибутами товару (ознака фіскальності, акцизного товару).",Навчання,Заплановано,,,,28.12.2025,30.12.2025,,,0.2,,Planned in Sprint 4
Управління каталогом,"Створення та управління базовою інформацією про товари/послуги (назва, тип, категорія, ціни, штрих-код, одиниці виміру, постачальники).",Налаштування,,,,,,,,,1.6,,Not assigned to any sprint - BACKLOG
Управління каталогом,"Створення та управління базовою інформацією про товари/послуги (назва, тип, категорія, ціни, штрих-код, одиниці виміру, постачальники).",Навчання,,,,,,,,,0.4,,Not assigned to any sprint - BACKLOG
Виробництво (Рецептури),Створення та управління ієрархічними рецептурами (специфікаціями) для автоматичного розрахунку собівартості та подальшого списання компонентів.,Налаштування,,,,,,,,,1.6,,Not assigned to any sprint - BACKLOG
Виробництво (Рецептури),Створення та управління ієрархічними рецептурами (специфікаціями) для автоматичного розрахунку собівартості та подальшого списання компонентів.,Навчання,,,,,,,,,0.4,,Not assigned to any sprint - BACKLOG
Касові операції,Базовий облік касових операцій (введення/виведення готівки) з прив'язкою до кас та контрагентів.,Налаштування,,,,,,,,,0.4,,Not assigned to any sprint - BACKLOG
Касові операції,Базовий облік касових операцій (введення/виведення готівки) з прив'язкою до кас та контрагентів.,Навчання,,,,,,,,,0.1,,Not assigned to any sprint - BACKLOG
Касові операції (UX/UI),Створення спрощеного інтерфейсу касових операцій для адміністратора рецепції.,Моделювання,Виконано,,,,15.09.2025,17.09.2025,,,0.9,,Planned in Sprint 3
Касові операції (UX/UI),Створення спрощеного інтерфейсу касових операцій для адміністратора рецепції.,Розробка,Виконано,,,,17.09.2025,30.09.2025,,,5.4,,Planned in Sprint 3
Касові операції (UX/UI),Створення спрощеного інтерфейсу касових операцій для адміністратора рецепції.,Налаштування,Виконано,,,,01.10.2025,05.10.2025,,,1.8,,Planned in Sprint 3
Касові операції (UX/UI),Створення спрощеного інтерфейсу касових операцій для адміністратора рецепції.,Навчання,Виконано,,,,05.10.2025,07.10.2025,,,0.9,,Planned in Sprint 3
Касові операції (Локалізація),Друк уніфікованих форм Прибуткового (форма КО-1) та Видаткового (форма КО-2) касових ордерів.,Налаштування,,,,,,,,,13.6,,Not assigned to any sprint - BACKLOG
Касові операції (Локалізація),Друк уніфікованих форм Прибуткового (форма КО-1) та Видаткового (форма КО-2) касових ордерів.,Навчання,,,,,,,,,3.4,,Not assigned to any sprint - BACKLOG
Внутрішні перекази,Оформлення переміщення готівки між касами та до банку (однокроковий процес).,Налаштування,,,,,,,,,0.4,,Not assigned to any sprint - BACKLOG
Внутрішні перекази,Оформлення переміщення готівки між касами та до банку (однокроковий процес).,Навчання,,,,,,,,,0.1,,Not assigned to any sprint - BACKLOG
Банківські операції,"Імпорт та ручне/автоматичне узгодження (реконсиліація) банківських виписок зі стандартними документами системи (рахунками, платежами).",Налаштування,,,,,,,,,0.4,,Not assigned to any sprint - BACKLOG
Банківські операції,"Імпорт та ручне/автоматичне узгодження (реконсиліація) банківських виписок зі стандартними документами системи (рахунками, платежами).",Навчання,,,,,,,,,0.1,,Not assigned to any sprint - BACKLOG
Взаєморозрахунки,"Автоматичне відстеження та управління дебіторською/кредиторською заборгованістю на основі фінансових документів (рахунків, оплат).",Налаштування,,,,,,,,,0.4,,Not assigned to any sprint - BACKLOG
Взаєморозрахунки,"Автоматичне відстеження та управління дебіторською/кредиторською заборгованістю на основі фінансових документів (рахунків, оплат).",Навчання,,,,,,,,,0.1,,Not assigned to any sprint - BACKLOG
Взаєморозрахунки,"Можливість ручного коригування заборгованості контрагента (напр., списання безнадійного боргу, взаємозалік).",Налаштування,,,,,,,,,0.4,,Not assigned to any sprint - BACKLOG
Взаєморозрахунки,"Можливість ручного коригування заборгованості контрагента (напр., списання безнадійного боргу, взаємозалік).",Навчання,,,,,,,,,0.1,,Not assigned to any sprint - BACKLOG
Взаєморозрахунки (Локалізація),"Формування та друк документу ""Акт звірки взаєморозрахунків"" у форматі, що відповідає українській практиці.",Налаштування,,,,,,,,,14.4,,Not assigned to any sprint - BACKLOG
Взаєморозрахунки (Локалізація),"Формування та друк документу ""Акт звірки взаєморозрахунків"" у форматі, що відповідає українській практиці.",Навчання,,,,,,,,,3.6,,Not assigned to any sprint - BACKLOG
Облік по юр. особах,Автоматична прив'язка фінансових транзакцій та операцій з активами до відповідної юридичної особи.,Налаштування,,,,,,,,,0.8,,Not assigned to any sprint - BACKLOG
Облік по юр. особах,Автоматична прив'язка фінансових транзакцій та операцій з активами до відповідної юридичної особи.,Навчання,,,,,,,,,0.2,,Not assigned to any sprint - BACKLOG
Управлінський облік,"Розробка автоматизованого механізму для розподілу непрямих (накладних) витрат за базами розподілу (напр., пропорційно доходу, площі).",Моделювання,,,,,,,,,4.0,,Not assigned to any sprint - BACKLOG
Управлінський облік,"Розробка автоматизованого механізму для розподілу непрямих (накладних) витрат за базами розподілу (напр., пропорційно доходу, площі).",Розробка,,,,,,,,,24.0,,Not assigned to any sprint - BACKLOG
Управлінський облік,"Розробка автоматизованого механізму для розподілу непрямих (накладних) витрат за базами розподілу (напр., пропорційно доходу, площі).",Налаштування,,,,,,,,,8.0,,Not assigned to any sprint - BACKLOG
Управлінський облік,"Розробка автоматизованого механізму для розподілу непрямих (накладних) витрат за базами розподілу (напр., пропорційно доходу, площі).",Навчання,,,,,,,,,4.0,,Not assigned to any sprint - BACKLOG
Управління візитом,"Розробити візуальний інтерфейс для управління шафками в роздягальнях, інтегрований з АСКД, для видачі магнітних ключів та прив'язки шафок до візиту клієнта.",Моделювання,,,,,,,,,6.0,,Not assigned to any sprint - BACKLOG
Управління візитом,"Розробити візуальний інтерфейс для управління шафками в роздягальнях, інтегрований з АСКД, для видачі магнітних ключів та прив'язки шафок до візиту клієнта.",Розробка,,,,,,,,,36.0,,Not assigned to any sprint - BACKLOG
Управління візитом,"Розробити візуальний інтерфейс для управління шафками в роздягальнях, інтегрований з АСКД, для видачі магнітних ключів та прив'язки шафок до візиту клієнта.",Налаштування,,,,,,,,,12.0,,Not assigned to any sprint - BACKLOG
Управління візитом,"Розробити візуальний інтерфейс для управління шафками в роздягальнях, інтегрований з АСКД, для видачі магнітних ключів та прив'язки шафок до візиту клієнта.",Навчання,,,,,,,,,6.0,,Not assigned to any sprint - BACKLOG
,"Розробити центральну модель Appointment-Visit як ""контейнер"" для всіх даних по візиту клієнта.",Моделювання,,,,,,,,,3.4,,Not assigned to any sprint - BACKLOG
,"Розробити центральну модель Appointment-Visit як ""контейнер"" для всіх даних по візиту клієнта.",Розробка,,,,,,,,,20.4,,Not assigned to any sprint - BACKLOG
,"Розробити центральну модель Appointment-Visit як ""контейнер"" для всіх даних по візиту клієнта.",Налаштування,,,,,,,,,6.8,,Not assigned to any sprint - BACKLOG
,"Розробити центральну модель Appointment-Visit як ""контейнер"" для всіх даних по візиту клієнта.",Навчання,,,,,,,,,3.4,,Not assigned to any sprint - BACKLOG
Система бронювання,Створення базової моделі даних для бронювання (запису).,Налаштування,,,,,,,,,11.2,,Not assigned to any sprint - BACKLOG
Система бронювання,Створення базової моделі даних для бронювання (запису).,Навчання,,,,,,,,,2.8,,Not assigned to any sprint - BACKLOG
Система бронювання,"Розробка логіки для перевірки доступності ресурсів (спеціалістів, кабінетів) у реальному часі.",Моделювання,,,,,,,,,3.6,,Not assigned to any sprint - BACKLOG
Система бронювання,"Розробка логіки для перевірки доступності ресурсів (спеціалістів, кабінетів) у реальному часі.",Розробка,,,,,,,,,21.6,,Not assigned to any sprint - BACKLOG
Система бронювання,"Розробка логіки для перевірки доступності ресурсів (спеціалістів, кабінетів) у реальному часі.",Налаштування,,,,,,,,,7.2,,Not assigned to any sprint - BACKLOG
Система бронювання,"Розробка логіки для перевірки доступності ресурсів (спеціалістів, кабінетів) у реальному часі.",Навчання,,,,,,,,,3.6,,Not assigned to any sprint - BACKLOG
Система бронювання (Онлайн),Створення інтерфейсу для онлайн-бронювання на веб-сайті для клієнтів.,Налаштування,,,,,,,,,28.0,,Not assigned to any sprint - BACKLOG
Система бронювання (Онлайн),Створення інтерфейсу для онлайн-бронювання на веб-сайті для клієнтів.,Навчання,,,,,,,,,7.0,,Not assigned to any sprint - BACKLOG
Система бронювання (Шахматка),"Розробка візуального інтерфейсу (""шахматка"") для управління бронюваннями.",Моделювання,,,,,,,,,5.1,,Not assigned to any sprint - BACKLOG
Система бронювання (Шахматка),"Розробка візуального інтерфейсу (""шахматка"") для управління бронюваннями.",Розробка,,,,,,,,,30.6,,Not assigned to any sprint - BACKLOG
Система бронювання (Шахматка),"Розробка візуального інтерфейсу (""шахматка"") для управління бронюваннями.",Налаштування,,,,,,,,,10.2,,Not assigned to any sprint - BACKLOG
Система бронювання (Шахматка),"Розробка візуального інтерфейсу (""шахматка"") для управління бронюваннями.",Навчання,,,,,,,,,5.1,,Not assigned to any sprint - BACKLOG
Система бронювання,"Редагування, копіювання та скасування бронювань з урахуванням бізнес-правил.",Налаштування,,,,,,,,,7.2,,Not assigned to any sprint - BACKLOG
Система бронювання,"Редагування, копіювання та скасування бронювань з урахуванням бізнес-правил.",Навчання,,,,,,,,,1.8,,Not assigned to any sprint - BACKLOG
Система бронювання (Автоматизація),Автоматичне призначення вільного спеціаліста на бронювання.,Моделювання,Виконано,,,,15.09.2025,17.09.2025,,,1.5,,Planned in Sprint 3
Система бронювання (Автоматизація),Автоматичне призначення вільного спеціаліста на бронювання.,Розробка,Виконано,,,,17.09.2025,30.09.2025,,,9.0,,Planned in Sprint 3
Система бронювання (Автоматизація),Автоматичне призначення вільного спеціаліста на бронювання.,Налаштування,Виконано,,,,01.10.2025,05.10.2025,,,3.0,,Planned in Sprint 3
Система бронювання (Автоматизація),Автоматичне призначення вільного спеціаліста на бронювання.,Навчання,Виконано,,,,05.10.2025,07.10.2025,,,1.5,,Planned in Sprint 3
Система бронювання,Додавання нотаток та відповідей на індивідуальні питання до бронювань.,Налаштування,,,,,,,,,9.6,,Not assigned to any sprint - BACKLOG
Система бронювання,Додавання нотаток та відповідей на індивідуальні питання до бронювань.,Навчання,,,,,,,,,2.4,,Not assigned to any sprint - BACKLOG
Система бронювання (Життєвий цикл),Відстеження статусу візиту (життєвий цикл бронювання).,Налаштування,,,,,,,,,8.0,,Not assigned to any sprint - BACKLOG
Система бронювання (Життєвий цикл),Відстеження статусу візиту (життєвий цикл бронювання).,Навчання,,,,,,,,,2.0,,Not assigned to any sprint - BACKLOG
Безпека та Доступи,Налаштування прав доступу до звітів та даних.,Налаштування,Виконано,,,,11.08.2025,14.08.2025,,,1.6,,Planned in Sprint 0
Безпека та Доступи,Налаштування прав доступу до звітів та даних.,Навчання,Виконано,,,,14.08.2025,15.08.2025,,,0.4,,Planned in Sprint 0
Звіти з Продажів,Формування гнучкого аналітичного звіту з продажів та виторгу.,Налаштування,,,,,,,,,40.8,,Not assigned to any sprint - BACKLOG
Звіти з Продажів,Формування гнучкого аналітичного звіту з продажів та виторгу.,Навчання,,,,,,,,,10.2,,Not assigned to any sprint - BACKLOG
Фінансові звіти,"Формування ключових фінансових звітів (P&L, Cash Flow).",Налаштування,,,,,,,,,0.4,,Not assigned to any sprint - BACKLOG
Фінансові звіти,"Формування ключових фінансових звітів (P&L, Cash Flow).",Навчання,,,,,,,,,0.1,,Not assigned to any sprint - BACKLOG
Звіти по Клієнтах,Формування базових та аналітичних звітів по клієнтській базі.,Налаштування,,,,,,,,,40.8,,Not assigned to any sprint - BACKLOG
Звіти по Клієнтах,Формування базових та аналітичних звітів по клієнтській базі.,Навчання,,,,,,,,,10.2,,Not assigned to any sprint - BACKLOG
Звіти по Складу,Проведення ABC/XYZ аналізу товарів.,Моделювання,,,,,,,,,2.4,,Not assigned to any sprint - BACKLOG
Звіти по Складу,Проведення ABC/XYZ аналізу товарів.,Розробка,,,,,,,,,14.4,,Not assigned to any sprint - BACKLOG
Звіти по Складу,Проведення ABC/XYZ аналізу товарів.,Налаштування,,,,,,,,,4.8,,Not assigned to any sprint - BACKLOG
Звіти по Складу,Проведення ABC/XYZ аналізу товарів.,Навчання,,,,,,,,,2.4,,Not assigned to any sprint - BACKLOG
Звіти по Складу,Формування операційних звітів для контролю товарних запасів.,Налаштування,,,,,,,,,0.4,,Not assigned to any sprint - BACKLOG
Звіти по Складу,Формування операційних звітів для контролю товарних запасів.,Навчання,,,,,,,,,0.1,,Not assigned to any sprint - BACKLOG
Звіти по Персоналу,Формування звітів по робочому часу та ефективності персоналу.,Налаштування,,,,,,,,,16.0,,Not assigned to any sprint - BACKLOG
Звіти по Персоналу,Формування звітів по робочому часу та ефективності персоналу.,Навчання,,,,,,,,,4.0,,Not assigned to any sprint - BACKLOG
Воронки продажів (CRM),Створення та управління воронками продажів (kanban-дошка) з можливістю переміщення лідів/угод між етапами.,Налаштування,,,,,,,,,1.6,,Not assigned to any sprint - BACKLOG
Воронки продажів (CRM),Створення та управління воронками продажів (kanban-дошка) з можливістю переміщення лідів/угод між етапами.,Навчання,,,,,,,,,0.4,,Not assigned to any sprint - BACKLOG
Воронки продажів (CRM),"Перегляд базової аналітики по воронці (конверсія, суми на етапах).",Налаштування,,,,,,,,,0.8,,Not assigned to any sprint - BACKLOG
Воронки продажів (CRM),"Перегляд базової аналітики по воронці (конверсія, суми на етапах).",Навчання,,,,,,,,,0.2,,Not assigned to any sprint - BACKLOG
Шаблони комунікацій,Створення та управління бібліотекою шаблонів відповідей (скриптів) для комунікації з клієнтами.,Налаштування,,,,,,,,,3.2,,Not assigned to any sprint - BACKLOG
Шаблони комунікацій,Створення та управління бібліотекою шаблонів відповідей (скриптів) для комунікації з клієнтами.,Навчання,,,,,,,,,0.8,,Not assigned to any sprint - BACKLOG
Маркетингова аналітика,"Створення динамічних сегментів клієнтів на основі різних критеріїв (історія покупок, демографія, джерело).",Налаштування,,,,,,,,,1.6,,Not assigned to any sprint - BACKLOG
Маркетингова аналітика,"Створення динамічних сегментів клієнтів на основі різних критеріїв (історія покупок, демографія, джерело).",Навчання,,,,,,,,,0.4,,Not assigned to any sprint - BACKLOG
Маркетингова аналітика,"Формування комплексних маркетингових звітів (напр., конверсія за джерелами, вартість залучення, LTV).",Налаштування,,,,,,,,,22.4,,Not assigned to any sprint - BACKLOG
Маркетингова аналітика,"Формування комплексних маркетингових звітів (напр., конверсія за джерелами, вартість залучення, LTV).",Навчання,,,,,,,,,5.6,,Not assigned to any sprint - BACKLOG
Маркетингова аналітика,"Автоматичне відстеження джерел лідів/звернень (включаючи UTM-мітки: source, medium, campaign).",Налаштування,,,,,,,,,0.8,,Not assigned to any sprint - BACKLOG
Маркетингова аналітика,"Автоматичне відстеження джерел лідів/звернень (включаючи UTM-мітки: source, medium, campaign).",Навчання,,,,,,,,,0.2,,Not assigned to any sprint - BACKLOG
Маркетингові розсилки,"Створення та надсилання цільових Email-розсилок на основі сегментів клієнтів з відстеженням ефективності (відкриття, кліки).",Налаштування,,,,,,,,,0.8,,Not assigned to any sprint - BACKLOG
Маркетингові розсилки,"Створення та надсилання цільових Email-розсилок на основі сегментів клієнтів з відстеженням ефективності (відкриття, кліки).",Навчання,,,,,,,,,0.2,,Not assigned to any sprint - BACKLOG
Налаштування податків,"Налаштування базових ставок податків (ПДВ, акциз) та їх автоматичне застосування до товарів/послуг в POS.",Налаштування,,,,,,,,,0.8,,Not assigned to any sprint - BACKLOG
Налаштування податків,"Налаштування базових ставок податків (ПДВ, акциз) та їх автоматичне застосування до товарів/послуг в POS.",Навчання,,,,,,,,,0.2,,Not assigned to any sprint - BACKLOG
Інтеграція з ПРРО,"Управління специфічними фіскальними атрибутами (фіскальна група, код УКТЗЕД для акцизу) для товарів, необхідними для інтеграції з ПРРО (напр., Checkbox) та 1С.",Моделювання,,,,,,,,,0.6,,Not assigned to any sprint - BACKLOG
Інтеграція з ПРРО,"Управління специфічними фіскальними атрибутами (фіскальна група, код УКТЗЕД для акцизу) для товарів, необхідними для інтеграції з ПРРО (напр., Checkbox) та 1С.",Розробка,,,,,,,,,3.6,,Not assigned to any sprint - BACKLOG
Інтеграція з ПРРО,"Управління специфічними фіскальними атрибутами (фіскальна група, код УКТЗЕД для акцизу) для товарів, необхідними для інтеграції з ПРРО (напр., Checkbox) та 1С.",Налаштування,,,,,,,,,1.2,,Not assigned to any sprint - BACKLOG
Інтеграція з ПРРО,"Управління специфічними фіскальними атрибутами (фіскальна група, код УКТЗЕД для акцизу) для товарів, необхідними для інтеграції з ПРРО (напр., Checkbox) та 1С.",Навчання,,,,,,,,,0.6,,Not assigned to any sprint - BACKLOG
Інтеграція з 1C,Розробити технічну документацію на інтеграцію з 1С 7.7.,Моделювання,Виконано,,,,26.08.2025,27.08.2025,,,1.6,,Planned in Sprint 2
Інтеграція з 1C,Розробити технічну документацію на інтеграцію з 1С 7.7.,Розробка,Виконано,,,,27.08.2025,03.09.2025,,,9.6,,Planned in Sprint 2
Інтеграція з 1C,Розробити технічну документацію на інтеграцію з 1С 7.7.,Налаштування,Виконано,,,,04.09.2025,06.09.2025,,,3.2,,Planned in Sprint 2
Інтеграція з 1C,Розробити технічну документацію на інтеграцію з 1С 7.7.,Навчання,Виконано,,,,06.09.2025,07.09.2025,,,1.6,,Planned in Sprint 2
Інтеграція з Binotel,Інтеграція з телефонією для спливаючих карток клієнта при вхідному дзвінку та логування дзвінків.,Моделювання,,,,,,,,,0.2,,Not assigned to any sprint - BACKLOG
Інтеграція з Binotel,Інтеграція з телефонією для спливаючих карток клієнта при вхідному дзвінку та логування дзвінків.,Розробка,,,,,,,,,1.2,,Not assigned to any sprint - BACKLOG
Інтеграція з Binotel,Інтеграція з телефонією для спливаючих карток клієнта при вхідному дзвінку та логування дзвінків.,Налаштування,,,,,,,,,0.4,,Not assigned to any sprint - BACKLOG
Інтеграція з Binotel,Інтеграція з телефонією для спливаючих карток клієнта при вхідному дзвінку та логування дзвінків.,Навчання,,,,,,,,,0.2,,Not assigned to any sprint - BACKLOG
Інтеграція з SMS-шлюзом,Інтеграція з українським SMS-шлюзом для можливості надсилати повідомлення з системи.,Моделювання,,,,,,,,,0.6,,Not assigned to any sprint - BACKLOG
Інтеграція з SMS-шлюзом,Інтеграція з українським SMS-шлюзом для можливості надсилати повідомлення з системи.,Розробка,,,,,,,,,3.6,,Not assigned to any sprint - BACKLOG
Інтеграція з SMS-шлюзом,Інтеграція з українським SMS-шлюзом для можливості надсилати повідомлення з системи.,Налаштування,,,,,,,,,1.2,,Not assigned to any sprint - BACKLOG
Інтеграція з SMS-шлюзом,Інтеграція з українським SMS-шлюзом для можливості надсилати повідомлення з системи.,Навчання,,,,,,,,,0.6,,Not assigned to any sprint - BACKLOG
Інтеграція з Helpcrunch,Інтегрувати онлайн-чат (Helpcrunch) з Odoo для створення лідів та комунікації з клієнтами.,Налаштування,,,,,,,,,2.4,,Not assigned to any sprint - BACKLOG
Інтеграція з Helpcrunch,Інтегрувати онлайн-чат (Helpcrunch) з Odoo для створення лідів та комунікації з клієнтами.,Навчання,,,,,,,,,0.6,,Not assigned to any sprint - BACKLOG
Інтеграція з веб-сайтом,Розробити технічну документацію по односторонній інтеграції з веб-сайтом(Wordpress).,Налаштування,Виконано,,,,26.08.2025,05.09.2025,,,3.2,,Planned in Sprint 2
Інтеграція з веб-сайтом,Розробити технічну документацію по односторонній інтеграції з веб-сайтом(Wordpress).,Навчання,Виконано,,,,05.09.2025,07.09.2025,,,0.8,,Planned in Sprint 2
Інтеграція з Checkbox (ПРРО),Забезпечити фіскалізацію продажів та повернень через ПРРО Checkbox.,Налаштування,,,,,,,,,9.6,,Not assigned to any sprint - BACKLOG
Інтеграція з Checkbox (ПРРО),Забезпечити фіскалізацію продажів та повернень через ПРРО Checkbox.,Навчання,,,,,,,,,2.4,,Not assigned to any sprint - BACKLOG
Інтеграція з банківськими терміналами,Інтеграція POS з банківськими терміналами для безшовної оплати карткою.,Моделювання,,,,,,,,,1.0,,Not assigned to any sprint - BACKLOG
Інтеграція з банківськими терміналами,Інтеграція POS з банківськими терміналами для безшовної оплати карткою.,Розробка,,,,,,,,,6.0,,Not assigned to any sprint - BACKLOG
Інтеграція з банківськими терміналами,Інтеграція POS з банківськими терміналами для безшовної оплати карткою.,Налаштування,,,,,,,,,2.0,,Not assigned to any sprint - BACKLOG
Інтеграція з банківськими терміналами,Інтеграція POS з банківськими терміналами для безшовної оплати карткою.,Навчання,,,,,,,,,1.0,,Not assigned to any sprint - BACKLOG
Інтеграція з АСКД,Розробити технічну документацію та реалізувати двосторонню інтеграцію з сервером СКД S-Meatronics.,Моделювання,Виконано,,,,26.08.2025,27.08.2025,,,1.4,,Planned in Sprint 2
Інтеграція з АСКД,Розробити технічну документацію та реалізувати двосторонню інтеграцію з сервером СКД S-Meatronics.,Розробка,Виконано,,,,27.08.2025,03.09.2025,,,8.4,,Planned in Sprint 2
Інтеграція з АСКД,Розробити технічну документацію та реалізувати двосторонню інтеграцію з сервером СКД S-Meatronics.,Налаштування,Виконано,,,,04.09.2025,06.09.2025,,,2.8,,Planned in Sprint 2
Інтеграція з АСКД,Розробити технічну документацію та реалізувати двосторонню інтеграцію з сервером СКД S-Meatronics.,Навчання,Виконано,,,,06.09.2025,07.09.2025,,,1.4,,Planned in Sprint 2
Підготовка та виконання,"Розробити технічну документацію по реалізації коректної очистку та міграції даних з B52 - обидва відділення, 1С - номенклатура та довідники, KeyCRM.",Моделювання,,,,,,,,,1.4,,Not assigned to any sprint - BACKLOG
Підготовка та виконання,"Розробити технічну документацію по реалізації коректної очистку та міграції даних з B52 - обидва відділення, 1С - номенклатура та довідники, KeyCRM.",Розробка,,,,,,,,,8.4,,Not assigned to any sprint - BACKLOG
Підготовка та виконання,"Розробити технічну документацію по реалізації коректної очистку та міграції даних з B52 - обидва відділення, 1С - номенклатура та довідники, KeyCRM.",Налаштування,,,,,,,,,2.8,,Not assigned to any sprint - BACKLOG
Підготовка та виконання,"Розробити технічну документацію по реалізації коректної очистку та міграції даних з B52 - обидва відділення, 1С - номенклатура та довідники, KeyCRM.",Навчання,,,,,,,,,1.4,,Not assigned to any sprint - BACKLOG
Планування тестування,"Розробка загальної стратегії та плану тестування. Визначення видів тестування, критеріїв успішності та відповідальних осіб.",Моделювання,,,,,,,,,0.8,,Not assigned to any sprint - BACKLOG
Планування тестування,"Розробка загальної стратегії та плану тестування. Визначення видів тестування, критеріїв успішності та відповідальних осіб.",Розробка,,,,,,,,,4.8,,Not assigned to any sprint - BACKLOG
Планування тестування,"Розробка загальної стратегії та плану тестування. Визначення видів тестування, критеріїв успішності та відповідальних осіб.",Налаштування,,,,,,,,,1.6,,Not assigned to any sprint - BACKLOG
Планування тестування,"Розробка загальної стратегії та плану тестування. Визначення видів тестування, критеріїв успішності та відповідальних осіб.",Навчання,,,,,,,,,0.8,,Not assigned to any sprint - BACKLOG
Функціональне тестування,"Тестування кожної розробленої або кастомізованої функції на відповідність вимогам з Use Cases (наприклад, чи коректно працює логіка нарахування бонусів).",Backlog,,,,,,,,,0.0,,Not assigned to any sprint - BACKLOG
Користувацьке тестування (UAT),"Проведення User Acceptance Testing (UAT) силами ключових користувачів (адміністратори рецепції, лікарі, товарознавці, бухгалтери).",Налаштування,,,,,,,,,25.6,,Not assigned to any sprint - BACKLOG
Користувацьке тестування (UAT),"Проведення User Acceptance Testing (UAT) силами ключових користувачів (адміністратори рецепції, лікарі, товарознавці, бухгалтери).",Навчання,,,,,,,,,6.4,,Not assigned to any sprint - BACKLOG
Інтеграційне тестування,"Тестування наскрізних бізнес-процесів, що зачіпають декілька модулів (напр., ""Онлайн-бронювання -> Прихід клієнта (АСКД) -> Надання послуги -> Оплата в POS з використанням бонусів -> Списання матеріалів зі складу"").",Налаштування,,,,,,,,,16.0,,Not assigned to any sprint - BACKLOG
Інтеграційне тестування,"Тестування наскрізних бізнес-процесів, що зачіпають декілька модулів (напр., ""Онлайн-бронювання -> Прихід клієнта (АСКД) -> Надання послуги -> Оплата в POS з використанням бонусів -> Списання матеріалів зі складу"").",Навчання,,,,,,,,,4.0,,Not assigned to any sprint - BACKLOG
Підготовка матеріалів,"Створення інструкцій користувача (текстових та/або відео) для кожної ролі в системі (адміністратор рецепції, лікар, товарознавець, бухгалтер, маркетолог, керівник).",Налаштування,,,,,,,,,32.0,,Not assigned to any sprint - BACKLOG
Підготовка матеріалів,"Створення інструкцій користувача (текстових та/або відео) для кожної ролі в системі (адміністратор рецепції, лікар, товарознавець, бухгалтер, маркетолог, керівник).",Навчання,,,,,,,,,8.0,,Not assigned to any sprint - BACKLOG
Проведення навчання,Організація та проведення групових навчальних сесій для кожної ролі.,Налаштування,,,,,,,,,19.2,,Not assigned to any sprint - BACKLOG
Проведення навчання,Організація та проведення групових навчальних сесій для кожної ролі.,Навчання,,,,,,,,,4.8,,Not assigned to any sprint - BACKLOG
План запуску,"Розробка детального покрокового плану переходу (Cutover Plan). Визначення послідовності дій, таймінгу та відповідальних під час фінальної міграції даних та запуску системи.",Моделювання,,,,,,,,,1.0,,Not assigned to any sprint - BACKLOG
План запуску,"Розробка детального покрокового плану переходу (Cutover Plan). Визначення послідовності дій, таймінгу та відповідальних під час фінальної міграції даних та запуску системи.",Розробка,,,,,,,,,6.0,,Not assigned to any sprint - BACKLOG
План запуску,"Розробка детального покрокового плану переходу (Cutover Plan). Визначення послідовності дій, таймінгу та відповідальних під час фінальної міграції даних та запуску системи.",Налаштування,,,,,,,,,2.0,,Not assigned to any sprint - BACKLOG
План запуску,"Розробка детального покрокового плану переходу (Cutover Plan). Визначення послідовності дій, таймінгу та відповідальних під час фінальної міграції даних та запуску системи.",Навчання,,,,,,,,,1.0,,Not assigned to any sprint - BACKLOG
Підтримка після запуску,Надання інтенсивної підтримки користувачам у перші дні/тижні після запуску (Hypercare).,Налаштування,,,,,,,,,25.6,,Not assigned to any sprint - BACKLOG
Підтримка після запуску,Надання інтенсивної підтримки користувачам у перші дні/тижні після запуску (Hypercare).,Навчання,,,,,,,,,6.4,,Not assigned to any sprint - BACKLOG
Зубна карта,Створення та управління інтерактивною зубною картою (формулою) для візуального відображення стану зубів.,Налаштування,,,,,,,,,38.4,,Not assigned to any sprint - BACKLOG
Зубна карта,Створення та управління інтерактивною зубною картою (формулою) для візуального відображення стану зубів.,Навчання,,,,,,,,,9.6,,Not assigned to any sprint - BACKLOG
Зубна карта,"Привёязка наданих послуг, діагнозів та використаних матеріалів до конкретних зубів клієнта в рамках візиту.",Налаштування,,,,,,,,,12.0,,Not assigned to any sprint - BACKLOG
Зубна карта,"Привёязка наданих послуг, діагнозів та використаних матеріалів до конкретних зубів клієнта в рамках візиту.",Навчання,,,,,,,,,3.0,,Not assigned to any sprint - BACKLOG
